workload,qubits,seed,gates,threads,optimizer,qasm_sha256,dtype,build_s,execute_s,cpu_s,state_bytes,maxrss_mib,status,run_id,command,process_wall_s,error_l2,norm,fidelity
prepared_QFT,16,20260928,191,16,native,bf39ce729c4f1097987a17c4d959fd2ca362e66bd7f37ecdee5a325e44f648ce,complex128,0.00392899289727211,0.23803193494677544,0.26013907600000064,1048576,251.76953125,success,kernel_native16_n16_r0,/root/autodl-tmp/qibotn-study/.venv/bin/python benchmark.py --mode worker --qubits 6 16 --threads 16 --optimizer native --output results/kernel_native16_n16_r0.json,2.368124607950449,4.829233530161797e-14,0.9999999999999514,0.9999999999999996
prepared_QFT,16,20260928,191,1,auto-hq,bf39ce729c4f1097987a17c4d959fd2ca362e66bd7f37ecdee5a325e44f648ce,complex128,0.005954712629318237,4.697416793555021,0.9675702660000001,1048576,327.109375,success,kernel_autohq1_n16_r2,/root/autodl-tmp/qibotn-study/.venv/bin/python benchmark.py --mode worker --qubits 6 16 --threads 1 --optimizer auto-hq --output results/kernel_autohq1_n16_r2.json,21.80561925470829,4.871107851864719e-14,0.9999999999999514,1.0000000000000004
prepared_QFT,8,20260928,63,1,auto-hq,e8ea8cc33753eb0142c32a6112f6251edce78320f3d71013eb2893fcac684d23,complex128,0.002414099872112274,1.887112408876419,0.39156580200000013,4096,249.63671875,success,kernel_autohq1_n8_r3,/root/autodl-tmp/qibotn-study/.venv/bin/python benchmark.py --mode worker --qubits 6 8 --threads 1 --optimizer auto-hq --output results/kernel_autohq1_n8_r3.json,7.076571926474571,1.2424618874474959e-14,0.9999999999999871,1.0000000000000004
prepared_QFT,8,20260928,63,1,native,e8ea8cc33753eb0142c32a6112f6251edce78320f3d71013eb2893fcac684d23,complex128,0.0013344325125217438,0.06090163439512253,0.06090015599999998,4096,245.7578125,success,kernel_native1_n8_r0,/root/autodl-tmp/qibotn-study/.venv/bin/python benchmark.py --mode worker --qubits 6 8 --threads 1 --optimizer native --output results/kernel_native1_n8_r0.json,2.2184773571789265,1.2608070094853523e-14,0.9999999999999869,1.0000000000000004
prepared_QFT,12,20260928,119,1,greedy,0a3bd443983162240c04f7122efc7360262d12fcd9ce0f3febbb0d9e3463b8a0,complex128,0.0024864189326763153,0.13247443735599518,0.13242888500000016,65536,246.6875,success,kernel_greedy1_n12_r4,/root/autodl-tmp/qibotn-study/.venv/bin/python benchmark.py --mode worker --qubits 6 12 --threads 1 --optimizer greedy --output results/kernel_greedy1_n12_r4.json,2.3190213069319725,2.685034112838859e-14,0.9999999999999722,0.9999999999999998
prepared_QFT,8,20260928,63,16,native,e8ea8cc33753eb0142c32a6112f6251edce78320f3d71013eb2893fcac684d23,complex128,0.0013306736946105957,0.060576725751161575,0.060570689999999594,4096,245.69921875,success,kernel_native16_n8_r1,/root/autodl-tmp/qibotn-study/.venv/bin/python benchmark.py --mode worker --qubits 6 8 --threads 16 --optimizer native --output results/kernel_native16_n8_r1.json,2.2184184938669205,1.2608070094853523e-14,0.9999999999999869,1.0000000000000004
prepared_QFT,8,20260928,63,1,greedy,e8ea8cc33753eb0142c32a6112f6251edce78320f3d71013eb2893fcac684d23,complex128,0.0013115555047988892,0.060508910566568375,0.06049517300000007,4096,245.1171875,success,kernel_greedy1_n8_r1,/root/autodl-tmp/qibotn-study/.venv/bin/python benchmark.py --mode worker --qubits 6 8 --threads 1 --optimizer greedy --output results/kernel_greedy1_n8_r1.json,2.0682167187333107,1.2608070094853523e-14,0.9999999999999869,1.0000000000000004
prepared_QFT,8,20260928,63,1,greedy,e8ea8cc33753eb0142c32a6112f6251edce78320f3d71013eb2893fcac684d23,complex128,0.0010699518024921417,0.04899894446134567,0.04899788699999985,4096,245.046875,success,kernel_greedy1_n8_r4,/root/autodl-tmp/qibotn-study/.venv/bin/python benchmark.py --mode worker --qubits 6 8 --threads 1 --optimizer greedy --output results/kernel_greedy1_n8_r4.json,1.8177517876029015,1.2608070094853523e-14,0.9999999999999869,1.0000000000000004
prepared_QFT,16,20260928,191,1,greedy,bf39ce729c4f1097987a17c4d959fd2ca362e66bd7f37ecdee5a325e44f648ce,complex128,0.0030773356556892395,0.18767718598246574,0.18768200599999996,1048576,251.421875,success,kernel_greedy1_n16_r0,/root/autodl-tmp/qibotn-study/.venv/bin/python benchmark.py --mode worker --qubits 6 16 --threads 1 --optimizer greedy --output results/kernel_greedy1_n16_r0.json,1.9176724590361118,4.8292380308444787e-14,0.9999999999999517,1.0000000000000002
prepared_QFT,12,20260928,119,1,native,0a3bd443983162240c04f7122efc7360262d12fcd9ce0f3febbb0d9e3463b8a0,complex128,0.00247785821557045,0.13397710025310516,0.1339782169999999,65536,246.0859375,success,kernel_native1_n12_r4,/root/autodl-tmp/qibotn-study/.venv/bin/python benchmark.py --mode worker --qubits 6 12 --threads 1 --optimizer native --output results/kernel_native1_n12_r4.json,2.3180772811174393,2.685034112838859e-14,0.9999999999999722,0.9999999999999998
prepared_QFT,8,20260928,63,1,auto-hq,e8ea8cc33753eb0142c32a6112f6251edce78320f3d71013eb2893fcac684d23,complex128,0.00254049152135849,1.9999973438680172,0.4452534240000001,4096,249.140625,success,kernel_autohq1_n8_r1,/root/autodl-tmp/qibotn-study/.venv/bin/python benchmark.py --mode worker --qubits 6 8 --threads 1 --optimizer auto-hq --output results/kernel_autohq1_n8_r1.json,7.327009595930576,1.24854594199314e-14,0.9999999999999871,1.0000000000000002
prepared_QFT,12,20260928,119,1,auto-hq,0a3bd443983162240c04f7122efc7360262d12fcd9ce0f3febbb0d9e3463b8a0,complex128,0.003820382058620453,2.695285465568304,0.591517963,65536,250.75390625,success,kernel_autohq1_n12_r4,/root/autodl-tmp/qibotn-study/.venv/bin/python benchmark.py --mode worker --qubits 6 12 --threads 1 --optimizer auto-hq --output results/kernel_autohq1_n12_r4.json,13.237421244382858,2.6718319544910083e-14,0.9999999999999724,0.9999999999999997
prepared_QFT,16,20260928,191,1,greedy,bf39ce729c4f1097987a17c4d959fd2ca362e66bd7f37ecdee5a325e44f648ce,complex128,0.003043409436941147,0.1955394111573696,0.19554438100000016,1048576,252.01171875,success,kernel_greedy1_n16_r2,/root/autodl-tmp/qibotn-study/.venv/bin/python benchmark.py --mode worker --qubits 6 16 --threads 1 --optimizer greedy --output results/kernel_greedy1_n16_r2.json,2.0178337320685387,4.8292380308444787e-14,0.9999999999999517,1.0000000000000002
prepared_QFT,12,20260928,119,1,native,0a3bd443983162240c04f7122efc7360262d12fcd9ce0f3febbb0d9e3463b8a0,complex128,0.0021672025322914124,0.10712874680757523,0.10712975299999994,65536,246.3125,success,kernel_native1_n12_r1,/root/autodl-tmp/qibotn-study/.venv/bin/python benchmark.py --mode worker --qubits 6 12 --threads 1 --optimizer native --output results/kernel_native1_n12_r1.json,1.8676189705729485,2.685034112838859e-14,0.9999999999999722,0.9999999999999998
prepared_QFT,16,20260928,191,1,auto-hq,bf39ce729c4f1097987a17c4d959fd2ca362e66bd7f37ecdee5a325e44f648ce,complex128,0.006216902285814285,5.334411598742008,1.217468807,1048576,264.515625,success,kernel_autohq1_n16_r3,/root/autodl-tmp/qibotn-study/.venv/bin/python benchmark.py --mode worker --qubits 6 16 --threads 1 --optimizer auto-hq --output results/kernel_autohq1_n16_r3.json,22.656454347074032,4.8620000084372e-14,0.9999999999999514,1.0000000000000002
prepared_QFT,12,20260928,119,1,auto-hq,0a3bd443983162240c04f7122efc7360262d12fcd9ce0f3febbb0d9e3463b8a0,complex128,0.00454387441277504,2.513273663818836,0.6043985709999999,65536,250.48046875,success,kernel_autohq1_n12_r1,/root/autodl-tmp/qibotn-study/.venv/bin/python benchmark.py --mode worker --qubits 6 12 --threads 1 --optimizer auto-hq --output results/kernel_autohq1_n12_r1.json,11.836170960217714,2.679218301844364e-14,0.9999999999999722,0.9999999999999998
prepared_QFT,16,20260928,191,4,native,bf39ce729c4f1097987a17c4d959fd2ca362e66bd7f37ecdee5a325e44f648ce,complex128,0.0038037262856960297,0.23926707729697227,0.2502144850000003,1048576,252.3203125,success,kernel_native4_n16_r4,/root/autodl-tmp/qibotn-study/.venv/bin/python benchmark.py --mode worker --qubits 6 16 --threads 4 --optimizer native --output results/kernel_native4_n16_r4.json,2.318838581442833,4.829233313279323e-14,0.9999999999999513,1.0000000000000004
prepared_QFT,8,20260928,63,16,native,e8ea8cc33753eb0142c32a6112f6251edce78320f3d71013eb2893fcac684d23,complex128,0.0012971162796020508,0.06174074858427048,0.0617366429999997,4096,245.19140625,success,kernel_native16_n8_r4,/root/autodl-tmp/qibotn-study/.venv/bin/python benchmark.py --mode worker --qubits 6 8 --threads 16 --optimizer native --output results/kernel_native16_n8_r4.json,2.118115697056055,1.2608070094853523e-14,0.9999999999999869,1.0000000000000004
prepared_QFT,8,20260928,63,1,native,e8ea8cc33753eb0142c32a6112f6251edce78320f3d71013eb2893fcac684d23,complex128,0.0013297796249389648,0.06087876856327057,0.06086477400000012,4096,245.32421875,success,kernel_native1_n8_r1,/root/autodl-tmp/qibotn-study/.venv/bin/python benchmark.py --mode worker --qubits 6 8 --threads 1 --optimizer native --output results/kernel_native1_n8_r1.json,2.268771205097437,1.2608070094853523e-14,0.9999999999999869,1.0000000000000004
prepared_QFT,12,20260928,119,4,native,0a3bd443983162240c04f7122efc7360262d12fcd9ce0f3febbb0d9e3463b8a0,complex128,0.002469051629304886,0.13714686781167984,0.13714637899999982,65536,246.28515625,success,kernel_native4_n12_r4,/root/autodl-tmp/qibotn-study/.venv/bin/python benchmark.py --mode worker --qubits 6 12 --threads 4 --optimizer native --output results/kernel_native4_n12_r4.json,2.168679039925337,2.685034112838859e-14,0.9999999999999722,0.9999999999999998
prepared_QFT,16,20260928,191,1,native,bf39ce729c4f1097987a17c4d959fd2ca362e66bd7f37ecdee5a325e44f648ce,complex128,0.0037714652717113495,0.24469353631138802,0.24469504399999997,1048576,252.07421875,success,kernel_native1_n16_r1,/root/autodl-tmp/qibotn-study/.venv/bin/python benchmark.py --mode worker --qubits 6 16 --threads 1 --optimizer native --output results/kernel_native1_n16_r1.json,2.4188739210367203,4.8292380308444787e-14,0.9999999999999517,1.0000000000000002
prepared_QFT,12,20260928,119,4,native,0a3bd443983162240c04f7122efc7360262d12fcd9ce0f3febbb0d9e3463b8a0,complex128,0.00249297171831131,0.1387287825345993,0.1387181970000002,65536,246.4296875,success,kernel_native4_n12_r1,/root/autodl-tmp/qibotn-study/.venv/bin/python benchmark.py --mode worker --qubits 6 12 --threads 4 --optimizer native --output results/kernel_native4_n12_r1.json,2.3182648681104183,2.685034112838859e-14,0.9999999999999722,0.9999999999999998
prepared_QFT,16,20260928,191,16,native,bf39ce729c4f1097987a17c4d959fd2ca362e66bd7f37ecdee5a325e44f648ce,complex128,0.0038101859390735626,0.24656156077980995,0.2825517609999997,1048576,251.09375,success,kernel_native16_n16_r2,/root/autodl-tmp/qibotn-study/.venv/bin/python benchmark.py --mode worker --qubits 6 16 --threads 16 --optimizer native --output results/kernel_native16_n16_r2.json,2.418850041925907,4.829233530161797e-14,0.9999999999999514,0.9999999999999996
prepared_QFT,12,20260928,119,1,greedy,0a3bd443983162240c04f7122efc7360262d12fcd9ce0f3febbb0d9e3463b8a0,complex128,0.0024443045258522034,0.1392137110233307,0.13921612299999997,65536,246.375,success,kernel_greedy1_n12_r0,/root/autodl-tmp/qibotn-study/.venv/bin/python benchmark.py --mode worker --qubits 6 12 --threads 1 --optimizer greedy --output results/kernel_greedy1_n12_r0.json,2.318883676081896,2.685034112838859e-14,0.9999999999999722,0.9999999999999998
prepared_QFT,16,20260928,191,16,native,bf39ce729c4f1097987a17c4d959fd2ca362e66bd7f37ecdee5a325e44f648ce,complex128,0.0037815608084201813,0.23968282714486122,0.26211387999999936,1048576,251.20703125,success,kernel_native16_n16_r1,/root/autodl-tmp/qibotn-study/.venv/bin/python benchmark.py --mode worker --qubits 6 16 --threads 16 --optimizer native --output results/kernel_native16_n16_r1.json,2.3189884312450886,4.829233530161797e-14,0.9999999999999514,0.9999999999999996
prepared_QFT,16,20260928,191,1,greedy,bf39ce729c4f1097987a17c4d959fd2ca362e66bd7f37ecdee5a325e44f648ce,complex128,0.0037123821675777435,0.2316911518573761,0.23169770699999992,1048576,252.1875,success,kernel_greedy1_n16_r1,/root/autodl-tmp/qibotn-study/.venv/bin/python benchmark.py --mode worker --qubits 6 16 --threads 1 --optimizer greedy --output results/kernel_greedy1_n16_r1.json,2.3688179925084114,4.8292380308444787e-14,0.9999999999999517,1.0000000000000002
prepared_QFT,12,20260928,119,1,auto-hq,0a3bd443983162240c04f7122efc7360262d12fcd9ce0f3febbb0d9e3463b8a0,complex128,0.004541546106338501,3.5715469159185886,0.739470667,65536,252.09375,success,kernel_autohq1_n12_r0,/root/autodl-tmp/qibotn-study/.venv/bin/python benchmark.py --mode worker --qubits 6 12 --threads 1 --optimizer auto-hq --output results/kernel_autohq1_n12_r0.json,13.08672009408474,2.6992035551412302e-14,0.9999999999999722,1.0
prepared_QFT,12,20260928,119,4,native,0a3bd443983162240c04f7122efc7360262d12fcd9ce0f3febbb0d9e3463b8a0,complex128,0.002417687326669693,0.12294520810246468,0.12294511900000016,65536,246.46484375,success,kernel_native4_n12_r0,/root/autodl-tmp/qibotn-study/.venv/bin/python benchmark.py --mode worker --qubits 6 12 --threads 4 --optimizer native --output results/kernel_native4_n12_r0.json,2.218326896429062,2.685034112838859e-14,0.9999999999999722,0.9999999999999998
prepared_QFT,8,20260928,63,1,auto-hq,e8ea8cc33753eb0142c32a6112f6251edce78320f3d71013eb2893fcac684d23,complex128,0.0023422501981258392,1.921025063842535,0.4036452789999998,4096,249.25390625,success,kernel_autohq1_n8_r4,/root/autodl-tmp/qibotn-study/.venv/bin/python benchmark.py --mode worker --qubits 6 8 --threads 1 --optimizer auto-hq --output results/kernel_autohq1_n8_r4.json,6.826314955949783,1.25808811820866e-14,0.9999999999999869,1.0000000000000004
prepared_QFT,8,20260928,63,16,native,e8ea8cc33753eb0142c32a6112f6251edce78320f3d71013eb2893fcac684d23,complex128,0.0013364069163799286,0.06073910370469093,0.06073399100000021,4096,245.40234375,success,kernel_native16_n8_r0,/root/autodl-tmp/qibotn-study/.venv/bin/python benchmark.py --mode worker --qubits 6 8 --threads 16 --optimizer native --output results/kernel_native16_n8_r0.json,2.21832837164402,1.2608070094853523e-14,0.9999999999999869,1.0000000000000004
prepared_QFT,12,20260928,119,1,greedy,0a3bd443983162240c04f7122efc7360262d12fcd9ce0f3febbb0d9e3463b8a0,complex128,0.002013910561800003,0.10611506178975105,0.10611676000000014,65536,246.1796875,success,kernel_greedy1_n12_r2,/root/autodl-tmp/qibotn-study/.venv/bin/python benchmark.py --mode worker --qubits 6 12 --threads 1 --optimizer greedy --output results/kernel_greedy1_n12_r2.json,2.0677600167691708,2.685034112838859e-14,0.9999999999999722,0.9999999999999998
prepared_QFT,16,20260928,191,4,native,bf39ce729c4f1097987a17c4d959fd2ca362e66bd7f37ecdee5a325e44f648ce,complex128,0.0038261152803897858,0.24135809764266014,0.24573902699999994,1048576,251.96484375,success,kernel_native4_n16_r2,/root/autodl-tmp/qibotn-study/.venv/bin/python benchmark.py --mode worker --qubits 6 16 --threads 4 --optimizer native --output results/kernel_native4_n16_r2.json,2.26819883659482,4.829233313279323e-14,0.9999999999999513,1.0000000000000004
prepared_QFT,8,20260928,63,1,native,e8ea8cc33753eb0142c32a6112f6251edce78320f3d71013eb2893fcac684d23,complex128,0.0014497525990009308,0.05357366427779198,0.053571975999999966,4096,244.69921875,success,kernel_native1_n8_r4,/root/autodl-tmp/qibotn-study/.venv/bin/python benchmark.py --mode worker --qubits 6 8 --threads 1 --optimizer native --output results/kernel_native1_n8_r4.json,2.017934262752533,1.2608070094853523e-14,0.9999999999999869,1.0000000000000004
prepared_QFT,8,20260928,63,16,native,e8ea8cc33753eb0142c32a6112f6251edce78320f3d71013eb2893fcac684d23,complex128,0.0013633742928504944,0.06090136244893074,0.06089586999999952,4096,245.65625,success,kernel_native16_n8_r2,/root/autodl-tmp/qibotn-study/.venv/bin/python benchmark.py --mode worker --qubits 6 8 --threads 16 --optimizer native --output results/kernel_native16_n8_r2.json,2.1683749966323376,1.2608070094853523e-14,0.9999999999999869,1.0000000000000004
prepared_QFT,16,20260928,191,1,greedy,bf39ce729c4f1097987a17c4d959fd2ca362e66bd7f37ecdee5a325e44f648ce,complex128,0.003817480057477951,0.23127857595682144,0.23128409299999997,1048576,252.61328125,success,kernel_greedy1_n16_r3,/root/autodl-tmp/qibotn-study/.venv/bin/python benchmark.py --mode worker --qubits 6 16 --threads 1 --optimizer greedy --output results/kernel_greedy1_n16_r3.json,2.2684834003448486,4.8292380308444787e-14,0.9999999999999517,1.0000000000000002
prepared_QFT,16,20260928,191,1,auto-hq,bf39ce729c4f1097987a17c4d959fd2ca362e66bd7f37ecdee5a325e44f648ce,complex128,0.005903333425521851,4.627351991832256,0.991239542,1048576,255.55078125,success,kernel_autohq1_n16_r0,/root/autodl-tmp/qibotn-study/.venv/bin/python benchmark.py --mode worker --qubits 6 16 --threads 1 --optimizer auto-hq --output results/kernel_autohq1_n16_r0.json,19.29748198762536,4.833249956115824e-14,0.9999999999999517,1.0000000000000002
prepared_QFT,8,20260928,63,1,auto-hq,e8ea8cc33753eb0142c32a6112f6251edce78320f3d71013eb2893fcac684d23,complex128,0.0023314133286476135,1.8728816024959087,0.39547268199999985,4096,248.85546875,success,kernel_autohq1_n8_r2,/root/autodl-tmp/qibotn-study/.venv/bin/python benchmark.py --mode worker --qubits 6 8 --threads 1 --optimizer auto-hq --output results/kernel_autohq1_n8_r2.json,6.725827552378178,1.2588513228543445e-14,0.9999999999999869,1.0
prepared_QFT,12,20260928,119,1,auto-hq,0a3bd443983162240c04f7122efc7360262d12fcd9ce0f3febbb0d9e3463b8a0,complex128,0.003666672855615616,2.884188424795866,0.517777718,65536,250.40625,success,kernel_autohq1_n12_r2,/root/autodl-tmp/qibotn-study/.venv/bin/python benchmark.py --mode worker --qubits 6 12 --threads 1 --optimizer auto-hq --output results/kernel_autohq1_n12_r2.json,13.137108013033867,2.688752574853269e-14,0.9999999999999722,0.9999999999999998
prepared_QFT,8,20260928,63,1,greedy,e8ea8cc33753eb0142c32a6112f6251edce78320f3d71013eb2893fcac684d23,complex128,0.0010385476052761078,0.048728808760643005,0.04872845600000009,4096,244.90234375,success,kernel_greedy1_n8_r2,/root/autodl-tmp/qibotn-study/.venv/bin/python benchmark.py --mode worker --qubits 6 8 --threads 1 --optimizer greedy --output results/kernel_greedy1_n8_r2.json,1.8677205294370651,1.2608070094853523e-14,0.9999999999999869,1.0000000000000004
prepared_QFT,8,20260928,63,4,native,e8ea8cc33753eb0142c32a6112f6251edce78320f3d71013eb2893fcac684d23,complex128,0.0010806545615196228,0.04875941202044487,0.04875817299999996,4096,245.7265625,success,kernel_native4_n8_r2,/root/autodl-tmp/qibotn-study/.venv/bin/python benchmark.py --mode worker --qubits 6 8 --threads 4 --optimizer native --output results/kernel_native4_n8_r2.json,1.967765487730503,1.2608070094853523e-14,0.9999999999999869,1.0000000000000004
prepared_QFT,8,20260928,63,4,native,e8ea8cc33753eb0142c32a6112f6251edce78320f3d71013eb2893fcac684d23,complex128,0.0013813339173793793,0.06071507930755615,0.060702626999999953,4096,245.5390625,success,kernel_native4_n8_r4,/root/autodl-tmp/qibotn-study/.venv/bin/python benchmark.py --mode worker --qubits 6 8 --threads 4 --optimizer native --output results/kernel_native4_n8_r4.json,2.068022146821022,1.2608070094853523e-14,0.9999999999999869,1.0000000000000004
prepared_QFT,8,20260928,63,1,greedy,e8ea8cc33753eb0142c32a6112f6251edce78320f3d71013eb2893fcac684d23,complex128,0.0012855157256126404,0.06015891209244728,0.06015784999999996,4096,245.0546875,success,kernel_greedy1_n8_r3,/root/autodl-tmp/qibotn-study/.venv/bin/python benchmark.py --mode worker --qubits 6 8 --threads 1 --optimizer greedy --output results/kernel_greedy1_n8_r3.json,2.0178493335843086,1.2608070094853523e-14,0.9999999999999869,1.0000000000000004
prepared_QFT,12,20260928,119,1,native,0a3bd443983162240c04f7122efc7360262d12fcd9ce0f3febbb0d9e3463b8a0,complex128,0.0024383962154388428,0.10621687024831772,0.1061924460000001,65536,246.3828125,success,kernel_native1_n12_r2,/root/autodl-tmp/qibotn-study/.venv/bin/python benchmark.py --mode worker --qubits 6 12 --threads 1 --optimizer native --output results/kernel_native1_n12_r2.json,2.0677500665187836,2.685034112838859e-14,0.9999999999999722,0.9999999999999998
prepared_QFT,12,20260928,119,16,native,0a3bd443983162240c04f7122efc7360262d12fcd9ce0f3febbb0d9e3463b8a0,complex128,0.0019541196525096893,0.105222687125206,0.1052199000000007,65536,246.18359375,success,kernel_native16_n12_r3,/root/autodl-tmp/qibotn-study/.venv/bin/python benchmark.py --mode worker --qubits 6 12 --threads 16 --optimizer native --output results/kernel_native16_n12_r3.json,1.9174261838197708,2.685034112838859e-14,0.9999999999999722,0.9999999999999998
prepared_QFT,12,20260928,119,16,native,0a3bd443983162240c04f7122efc7360262d12fcd9ce0f3febbb0d9e3463b8a0,complex128,0.0019901245832443237,0.10521889477968216,0.10521564699999963,65536,246.20703125,success,kernel_native16_n12_r1,/root/autodl-tmp/qibotn-study/.venv/bin/python benchmark.py --mode worker --qubits 6 12 --threads 16 --optimizer native --output results/kernel_native16_n12_r1.json,2.118462849408388,2.685034112838859e-14,0.9999999999999722,0.9999999999999998
prepared_QFT,8,20260928,63,16,native,e8ea8cc33753eb0142c32a6112f6251edce78320f3d71013eb2893fcac684d23,complex128,0.0013173222541809082,0.06573370471596718,0.06571333599999996,4096,245.43359375,success,kernel_native16_n8_r3,/root/autodl-tmp/qibotn-study/.venv/bin/python benchmark.py --mode worker --qubits 6 8 --threads 16 --optimizer native --output results/kernel_native16_n8_r3.json,2.2694199793040752,1.2608070094853523e-14,0.9999999999999869,1.0000000000000004
prepared_QFT,16,20260928,191,1,native,bf39ce729c4f1097987a17c4d959fd2ca362e66bd7f37ecdee5a325e44f648ce,complex128,0.0030520297586917877,0.19188790023326874,0.19189176799999985,1048576,251.73046875,success,kernel_native1_n16_r2,/root/autodl-tmp/qibotn-study/.venv/bin/python benchmark.py --mode worker --qubits 6 16 --threads 1 --optimizer native --output results/kernel_native1_n16_r2.json,2.1182373575866222,4.8292380308444787e-14,0.9999999999999517,1.0000000000000002
prepared_QFT,16,20260928,191,1,greedy,bf39ce729c4f1097987a17c4d959fd2ca362e66bd7f37ecdee5a325e44f648ce,complex128,0.0030080191791057587,0.19388995319604874,0.1938939850000001,1048576,251.84765625,success,kernel_greedy1_n16_r4,/root/autodl-tmp/qibotn-study/.venv/bin/python benchmark.py --mode worker --qubits 6 16 --threads 1 --optimizer greedy --output results/kernel_greedy1_n16_r4.json,2.2184860557317734,4.8292380308444787e-14,0.9999999999999517,1.0000000000000002
prepared_QFT,8,20260928,63,1,native,e8ea8cc33753eb0142c32a6112f6251edce78320f3d71013eb2893fcac684d23,complex128,0.001070074737071991,0.05677895247936249,0.05676984399999996,4096,244.7734375,success,kernel_native1_n8_r3,/root/autodl-tmp/qibotn-study/.venv/bin/python benchmark.py --mode worker --qubits 6 8 --threads 1 --optimizer native --output results/kernel_native1_n8_r3.json,2.0682527795434,1.2608070094853523e-14,0.9999999999999869,1.0000000000000004
prepared_QFT,16,20260928,191,1,auto-hq,bf39ce729c4f1097987a17c4d959fd2ca362e66bd7f37ecdee5a325e44f648ce,complex128,0.005870167165994644,5.905787326395512,1.718685647,1048576,411.984375,success,kernel_autohq1_n16_r4,/root/autodl-tmp/qibotn-study/.venv/bin/python benchmark.py --mode worker --qubits 6 16 --threads 1 --optimizer auto-hq --output results/kernel_autohq1_n16_r4.json,23.304558873176575,4.8269567485287666e-14,0.9999999999999517,1.0000000000000002
prepared_QFT,8,20260928,63,1,greedy,e8ea8cc33753eb0142c32a6112f6251edce78320f3d71013eb2893fcac684d23,complex128,0.0010586977005004883,0.04870077222585678,0.04869996199999993,4096,245.81640625,success,kernel_greedy1_n8_r0,/root/autodl-tmp/qibotn-study/.venv/bin/python benchmark.py --mode worker --qubits 6 8 --threads 1 --optimizer greedy --output results/kernel_greedy1_n8_r0.json,1.7676559388637543,1.2608070094853523e-14,0.9999999999999869,1.0000000000000004
prepared_QFT,8,20260928,63,4,native,e8ea8cc33753eb0142c32a6112f6251edce78320f3d71013eb2893fcac684d23,complex128,0.0010817758738994598,0.052768707275390625,0.052766816000000105,4096,245.02734375,success,kernel_native4_n8_r1,/root/autodl-tmp/qibotn-study/.venv/bin/python benchmark.py --mode worker --qubits 6 8 --threads 4 --optimizer native --output results/kernel_native4_n8_r1.json,1.7676263898611069,1.2608070094853523e-14,0.9999999999999869,1.0000000000000004
prepared_QFT,16,20260928,191,1,native,bf39ce729c4f1097987a17c4d959fd2ca362e66bd7f37ecdee5a325e44f648ce,complex128,0.004048701375722885,0.20750020816922188,0.20750449800000004,1048576,251.9375,success,kernel_native1_n16_r0,/root/autodl-tmp/qibotn-study/.venv/bin/python benchmark.py --mode worker --qubits 6 16 --threads 1 --optimizer native --output results/kernel_native1_n16_r0.json,2.2682133577764034,4.8292380308444787e-14,0.9999999999999517,1.0000000000000002
prepared_QFT,12,20260928,119,1,greedy,0a3bd443983162240c04f7122efc7360262d12fcd9ce0f3febbb0d9e3463b8a0,complex128,0.0026706866919994354,0.13134845346212387,0.131334147,65536,246.37109375,success,kernel_greedy1_n12_r1,/root/autodl-tmp/qibotn-study/.venv/bin/python benchmark.py --mode worker --qubits 6 12 --threads 1 --optimizer greedy --output results/kernel_greedy1_n12_r1.json,2.168130375444889,2.685034112838859e-14,0.9999999999999722,0.9999999999999998
prepared_QFT,16,20260928,191,4,native,bf39ce729c4f1097987a17c4d959fd2ca362e66bd7f37ecdee5a325e44f648ce,complex128,0.0037802644073963165,0.23957334831357002,0.24230333299999973,1048576,251.49609375,success,kernel_native4_n16_r0,/root/autodl-tmp/qibotn-study/.venv/bin/python benchmark.py --mode worker --qubits 6 16 --threads 4 --optimizer native --output results/kernel_native4_n16_r0.json,2.3186421394348145,4.829233313279323e-14,0.9999999999999513,1.0000000000000004
prepared_QFT,12,20260928,119,1,greedy,0a3bd443983162240c04f7122efc7360262d12fcd9ce0f3febbb0d9e3463b8a0,complex128,0.0024934597313404083,0.12959915027022362,0.129601423,65536,245.6875,success,kernel_greedy1_n12_r3,/root/autodl-tmp/qibotn-study/.venv/bin/python benchmark.py --mode worker --qubits 6 12 --threads 1 --optimizer greedy --output results/kernel_greedy1_n12_r3.json,2.2179905511438847,2.685034112838859e-14,0.9999999999999722,0.9999999999999998
prepared_QFT,12,20260928,119,4,native,0a3bd443983162240c04f7122efc7360262d12fcd9ce0f3febbb0d9e3463b8a0,complex128,0.0024275071918964386,0.13192296773195267,0.13192333400000011,65536,246.0703125,success,kernel_native4_n12_r2,/root/autodl-tmp/qibotn-study/.venv/bin/python benchmark.py --mode worker --qubits 6 12 --threads 4 --optimizer native --output results/kernel_native4_n12_r2.json,2.218659281730652,2.685034112838859e-14,0.9999999999999722,0.9999999999999998
prepared_QFT,12,20260928,119,4,native,0a3bd443983162240c04f7122efc7360262d12fcd9ce0f3febbb0d9e3463b8a0,complex128,0.0024698935449123383,0.13651277497410774,0.136513184,65536,246.55859375,success,kernel_native4_n12_r3,/root/autodl-tmp/qibotn-study/.venv/bin/python benchmark.py --mode worker --qubits 6 12 --threads 4 --optimizer native --output results/kernel_native4_n12_r3.json,2.218337904661894,2.685034112838859e-14,0.9999999999999722,0.9999999999999998
prepared_QFT,16,20260928,191,1,native,bf39ce729c4f1097987a17c4d959fd2ca362e66bd7f37ecdee5a325e44f648ce,complex128,0.0030531957745552063,0.19404110312461853,0.19403507100000006,1048576,251.609375,success,kernel_native1_n16_r3,/root/autodl-tmp/qibotn-study/.venv/bin/python benchmark.py --mode worker --qubits 6 16 --threads 1 --optimizer native --output results/kernel_native1_n16_r3.json,2.1683703884482384,4.8292380308444787e-14,0.9999999999999517,1.0000000000000002
prepared_QFT,12,20260928,119,1,auto-hq,0a3bd443983162240c04f7122efc7360262d12fcd9ce0f3febbb0d9e3463b8a0,complex128,0.004437532275915146,3.147082693874836,0.7094474649999998,65536,249.6953125,success,kernel_autohq1_n12_r3,/root/autodl-tmp/qibotn-study/.venv/bin/python benchmark.py --mode worker --qubits 6 12 --threads 1 --optimizer auto-hq --output results/kernel_autohq1_n12_r3.json,13.740634456276894,2.694116175014611e-14,0.999999999999972,0.9999999999999998
prepared_QFT,16,20260928,191,4,native,bf39ce729c4f1097987a17c4d959fd2ca362e66bd7f37ecdee5a325e44f648ce,complex128,0.0037931501865386963,0.23393026366829872,0.2441549639999998,1048576,251.48046875,success,kernel_native4_n16_r3,/root/autodl-tmp/qibotn-study/.venv/bin/python benchmark.py --mode worker --qubits 6 16 --threads 4 --optimizer native --output results/kernel_native4_n16_r3.json,2.268049567937851,4.829233313279323e-14,0.9999999999999513,1.0000000000000004
prepared_QFT,8,20260928,63,4,native,e8ea8cc33753eb0142c32a6112f6251edce78320f3d71013eb2893fcac684d23,complex128,0.0010913163423538208,0.04908455163240433,0.04908238500000017,4096,245.25390625,success,kernel_native4_n8_r3,/root/autodl-tmp/qibotn-study/.venv/bin/python benchmark.py --mode worker --qubits 6 8 --threads 4 --optimizer native --output results/kernel_native4_n8_r3.json,1.8678998164832592,1.2608070094853523e-14,0.9999999999999869,1.0000000000000004
prepared_QFT,8,20260928,63,4,native,e8ea8cc33753eb0142c32a6112f6251edce78320f3d71013eb2893fcac684d23,complex128,0.001095607876777649,0.0490783266723156,0.04907472699999982,4096,244.8203125,success,kernel_native4_n8_r0,/root/autodl-tmp/qibotn-study/.venv/bin/python benchmark.py --mode worker --qubits 6 8 --threads 4 --optimizer native --output results/kernel_native4_n8_r0.json,2.0683490075170994,1.2608070094853523e-14,0.9999999999999869,1.0000000000000004
prepared_QFT,16,20260928,191,1,auto-hq,bf39ce729c4f1097987a17c4d959fd2ca362e66bd7f37ecdee5a325e44f648ce,complex128,0.0074455589056015015,4.7191246971488,1.040203036,1048576,255.73046875,success,kernel_autohq1_n16_r1,/root/autodl-tmp/qibotn-study/.venv/bin/python benchmark.py --mode worker --qubits 6 16 --threads 1 --optimizer auto-hq --output results/kernel_autohq1_n16_r1.json,21.09944324940443,4.828115481032244e-14,0.9999999999999518,1.0000000000000004
prepared_QFT,16,20260928,191,1,native,bf39ce729c4f1097987a17c4d959fd2ca362e66bd7f37ecdee5a325e44f648ce,complex128,0.0037946999073028564,0.1912047155201435,0.19120785900000015,1048576,251.1953125,success,kernel_native1_n16_r4,/root/autodl-tmp/qibotn-study/.venv/bin/python benchmark.py --mode worker --qubits 6 16 --threads 1 --optimizer native --output results/kernel_native1_n16_r4.json,2.268332052975893,4.8292380308444787e-14,0.9999999999999517,1.0000000000000002
prepared_QFT,16,20260928,191,16,native,bf39ce729c4f1097987a17c4d959fd2ca362e66bd7f37ecdee5a325e44f648ce,complex128,0.0037902742624282837,0.24432649463415146,0.24829525200000013,1048576,251.50390625,success,kernel_native16_n16_r3,/root/autodl-tmp/qibotn-study/.venv/bin/python benchmark.py --mode worker --qubits 6 16 --threads 16 --optimizer native --output results/kernel_native16_n16_r3.json,2.3187950663268566,4.829233530161797e-14,0.9999999999999514,0.9999999999999996
prepared_QFT,12,20260928,119,1,native,0a3bd443983162240c04f7122efc7360262d12fcd9ce0f3febbb0d9e3463b8a0,complex128,0.002014908939599991,0.10513189435005188,0.10513209700000004,65536,245.68359375,success,kernel_native1_n12_r3,/root/autodl-tmp/qibotn-study/.venv/bin/python benchmark.py --mode worker --qubits 6 12 --threads 1 --optimizer native --output results/kernel_native1_n12_r3.json,2.0679812766611576,2.685034112838859e-14,0.9999999999999722,0.9999999999999998
prepared_QFT,12,20260928,119,16,native,0a3bd443983162240c04f7122efc7360262d12fcd9ce0f3febbb0d9e3463b8a0,complex128,0.0024436824023723602,0.13052719831466675,0.1305234129999997,65536,246.16796875,success,kernel_native16_n12_r0,/root/autodl-tmp/qibotn-study/.venv/bin/python benchmark.py --mode worker --qubits 6 12 --threads 16 --optimizer native --output results/kernel_native16_n12_r0.json,2.2682622410357,2.685034112838859e-14,0.9999999999999722,0.9999999999999998
prepared_QFT,12,20260928,119,16,native,0a3bd443983162240c04f7122efc7360262d12fcd9ce0f3febbb0d9e3463b8a0,complex128,0.0020159445703029633,0.11129409074783325,0.11125822999999979,65536,246.24609375,success,kernel_native16_n12_r4,/root/autodl-tmp/qibotn-study/.venv/bin/python benchmark.py --mode worker --qubits 6 12 --threads 16 --optimizer native --output results/kernel_native16_n12_r4.json,1.9677968434989452,2.685034112838859e-14,0.9999999999999722,0.9999999999999998
prepared_QFT,16,20260928,191,4,native,bf39ce729c4f1097987a17c4d959fd2ca362e66bd7f37ecdee5a325e44f648ce,complex128,0.0030788592994213104,0.1886189840734005,0.19751831999999991,1048576,252.1953125,success,kernel_native4_n16_r1,/root/autodl-tmp/qibotn-study/.venv/bin/python benchmark.py --mode worker --qubits 6 16 --threads 4 --optimizer native --output results/kernel_native4_n16_r1.json,2.0179177671670914,4.829233313279323e-14,0.9999999999999513,1.0000000000000004
prepared_QFT,8,20260928,63,1,native,e8ea8cc33753eb0142c32a6112f6251edce78320f3d71013eb2893fcac684d23,complex128,0.0010662898421287537,0.048928070813417435,0.04892690700000002,4096,245.89453125,success,kernel_native1_n8_r2,/root/autodl-tmp/qibotn-study/.venv/bin/python benchmark.py --mode worker --qubits 6 8 --threads 1 --optimizer native --output results/kernel_native1_n8_r2.json,1.9178088158369064,1.2608070094853523e-14,0.9999999999999869,1.0000000000000004
prepared_QFT,12,20260928,119,1,native,0a3bd443983162240c04f7122efc7360262d12fcd9ce0f3febbb0d9e3463b8a0,complex128,0.0019867829978466034,0.10595785081386566,0.10595829300000004,65536,246.375,success,kernel_native1_n12_r0,/root/autodl-tmp/qibotn-study/.venv/bin/python benchmark.py --mode worker --qubits 6 12 --threads 1 --optimizer native --output results/kernel_native1_n12_r0.json,1.9177053682506084,2.685034112838859e-14,0.9999999999999722,0.9999999999999998
prepared_QFT,8,20260928,63,1,auto-hq,e8ea8cc33753eb0142c32a6112f6251edce78320f3d71013eb2893fcac684d23,complex128,0.00232560932636261,2.138335082679987,0.44736140299999994,4096,248.921875,success,kernel_autohq1_n8_r0,/root/autodl-tmp/qibotn-study/.venv/bin/python benchmark.py --mode worker --qubits 6 8 --threads 1 --optimizer auto-hq --output results/kernel_autohq1_n8_r0.json,6.926324803382158,1.2708999078635481e-14,0.9999999999999868,1.0000000000000002
prepared_QFT,12,20260928,119,16,native,0a3bd443983162240c04f7122efc7360262d12fcd9ce0f3febbb0d9e3463b8a0,complex128,0.001966044306755066,0.11800114437937737,0.11799404100000022,65536,246.1875,success,kernel_native16_n12_r2,/root/autodl-tmp/qibotn-study/.venv/bin/python benchmark.py --mode worker --qubits 6 12 --threads 16 --optimizer native --output results/kernel_native16_n12_r2.json,2.0181863494217396,2.685034112838859e-14,0.9999999999999722,0.9999999999999998
prepared_QFT,16,20260928,191,16,native,bf39ce729c4f1097987a17c4d959fd2ca362e66bd7f37ecdee5a325e44f648ce,complex128,0.0037804730236530304,0.2373156175017357,0.2603158210000007,1048576,251.015625,success,kernel_native16_n16_r4,/root/autodl-tmp/qibotn-study/.venv/bin/python benchmark.py --mode worker --qubits 6 16 --threads 16 --optimizer native --output results/kernel_native16_n16_r4.json,2.318564251065254,4.829233530161797e-14,0.9999999999999514,0.9999999999999996
