qubits,threads,optimizer,repeats,median_s,min_s,max_s,stdev_s,max_error_l2,maxrss_mib,speedup_vs_native16
8,1,auto-hq,5,1.921025063842535,1.8728816024959087,2.138335082679987,0.1092583576652562,1.2708999078635481e-14,249.63671875,0.03170253402478396
8,1,greedy,5,0.04899894446134567,0.04870077222585678,0.060508910566568375,0.006314461668416456,1.2608070094853523e-14,245.81640625,1.2429117222509694
8,1,native,5,0.05677895247936249,0.048928070813417435,0.06090163439512253,0.005101697615433503,1.2608070094853523e-14,245.89453125,1.0726045442819085
8,4,native,5,0.04908455163240433,0.04875941202044487,0.06071507930755615,0.005100195172545545,1.2608070094853523e-14,245.7265625,1.240743990187032
8,16,native,5,0.06090136244893074,0.060576725751161575,0.06573370471596718,0.002168600884800276,1.2608070094853523e-14,245.69921875,1.0
12,1,auto-hq,5,2.884188424795866,2.513273663818836,3.5715469159185886,0.4136270288125346,2.6992035551412302e-14,252.09375,0.038587662924869516
12,1,greedy,5,0.13134845346212387,0.10611506178975105,0.1392137110233307,0.012631070362670164,2.685034112838859e-14,246.6875,0.8473193845401951
12,1,native,5,0.10621687024831772,0.10513189435005188,0.13397710025310516,0.012483399175013484,2.685034112838859e-14,246.3828125,1.0478005093507823
12,4,native,5,0.13651277497410774,0.12294520810246468,0.1387287825345993,0.006395221631221596,2.685034112838859e-14,246.55859375,0.815265023870054
12,16,native,5,0.11129409074783325,0.10521889477968216,0.13052719831466675,0.010613840901501685,2.685034112838859e-14,246.24609375,1.0
16,1,auto-hq,5,4.7191246971488,4.627351991832256,5.905787326395512,0.5535011674283135,4.871107851864719e-14,411.984375,0.05078967870666201
16,1,greedy,5,0.1955394111573696,0.18767718598246574,0.2316911518573761,0.021624858820010775,4.8292380308444787e-14,252.61328125,1.2257520145233796
16,1,native,5,0.19404110312461853,0.1912047155201435,0.24469353631138802,0.02269590785178562,4.8292380308444787e-14,252.07421875,1.2352167828634242
16,4,native,5,0.23926707729697227,0.1886189840734005,0.24135809764266014,0.022493613472119967,4.829233313279323e-14,252.3203125,1.0017375973852556
16,16,native,5,0.23968282714486122,0.2373156175017357,0.24656156077980995,0.004060383269163862,4.829233530161797e-14,251.76953125,1.0
